{"chunk_definitions":[{"row":9,"row_count":1,"visible":true,"expansion_state":0,"options":{"engine":"r","label":"setup","include":false,"dev":"png"},"document_id":"B2E58413","chunk_id":"csetup_chunk","chunk_label":"setup"},{"row":15,"row_count":1,"visible":true,"expansion_state":0,"options":{"engine":"r","label":"unnamed-chunk-1","dev":"png"},"document_id":"B2E58413","chunk_id":"cowsmvo927kj5","chunk_label":"unnamed-chunk-1"},{"row":25,"row_count":1,"visible":true,"expansion_state":0,"options":{"engine":"r","label":"unnamed-chunk-2","dev":"png"},"document_id":"B2E58413","chunk_id":"c5f0pr8s97u2q","chunk_label":"unnamed-chunk-2"},{"row":47,"row_count":1,"visible":true,"expansion_state":0,"options":{"engine":"r","label":"unnamed-chunk-4","dev":"png"},"document_id":"B2E58413","chunk_id":"crawexrjhuwco","chunk_label":"unnamed-chunk-3"},{"row":97,"row_count":1,"visible":true,"expansion_state":0,"options":{"engine":"r","label":"unnamed-chunk-78","dev":"png"},"document_id":"B2E58413","chunk_id":"c1nm0w9vlbs35","chunk_label":"unnamed-chunk-4"}],"doc_write_time":1727110934,"working_dir":null,"default_chunk_options":{"echo":true}}